<!-- <!DOCTYPE beans PUBLIC "-//SPRING//DTD BEAN 2.0//EN"
			"http://www.springframework.org/dtd/spring-beans-2.0.dtd">
			 -->	
<beans xmlns="http://www.springframework.org/schema/beans"
       xmlns:xsi="http://www.w3.org/2001/XMLSchema-instance"
       xmlns:context="http://www.springframework.org/schema/context"
       xsi:schemaLocation="http://www.springframework.org/schema/beans 
           http://www.springframework.org/schema/beans/spring-beans-3.0.xsd
           http://www.springframework.org/schema/context
           http://www.springframework.org/schema/context/spring-context-3.0.xsd">

		<bean id="dataSource" class="org.springframework.jdbc.datasource.DriverManagerDataSource">
	 	<property name="driverClassName" value="com.mysql.cj.jdbc.Driver"/>
	 	<property name="url" value="jdbc:mysql://localhost:3306/world"/>
	 	<property name="username" value="root"/>
	 	<property name="password" value="admin"/>
	</bean>
	<bean id="template" class="org.springframework.jdbc.core.JdbcTemplate">
			 	<constructor-arg ref="dataSource"></constructor-arg>
	</bean>
	<bean id="custDAO" class="ai.jobiak.dao.CustomerDAO">
			<property name="template" ref="template"></property>
	</bean>
</beans>

			