<beans xmlns="http://www.springframework.org/schema/beans"
	xmlns:mvc="http://www.springframework.org/schema/mvc"
	xmlns:context="http://www.springframework.org/schema/context"
	xmlns:xsi="http://www.w3.org/2001/XMLSchema-instance"
	xsi:schemaLocation="http://www.springframework.org/schema/beans 
           http://www.springframework.org/schema/beans/spring-beans-4.3.xsd
           http://www.springframework.org/schema/mvc
           http://www.springframework.org/schema/context/spring-mvc-4.3.xsd
           http://www.springframework.org/schema/context
           http://www.springframework.org/schema/context/spring-context-4.3.xsd">
 <context:component-scan base-package="ai.jobiak.mvc"></context:component-scan> 

<context:annotation-config></context:annotation-config>
<bean name="viewResolver"
class="org.springframework.web.servlet.view.InternalResourceViewResolver">
<property name="prefix">
<value>/WEB-INF/pages/</value>
</property>

<property name="suffix">
<value>.jsp</value>
</property>
</bean>
	<bean id="dataSource" class="org.springframework.jdbc.datasource.DriverManagerDataSource">
	 	<property name="driverClassName" value="com.mysql.cj.jdbc.Driver"/>
	 	<property name="url" value="jdbc:mysql://localhost:3306/employee"/>
	 	<property name="username" value="root"/>
	 	<property name="password" value="admin"/>
	</bean>

	<bean id="template" class="org.springframework.jdbc.core.JdbcTemplate">
			 	<constructor-arg ref="dataSource"></constructor-arg>
	</bean>
<bean id="signupapp" class="ai.jobiak.mvc.UserDao">
			 	<property name="mysqlTemplate" ref="template"></property>
	</bean>
	

</beans>